;id;distance;up;down;min;max
0;1010;5.29 km;1'210 m;285 m;850 m;2'003 m
1;1011;1.81 km;91 m;255 m;660 m;897 m
2;1019;2.61 km;965 m;35 m;2'138 m;3'070 m
3;102;7.42 km;872 m;54 m;1'416 m;2'234 m
4;1022;4.12 km;649 m;30 m;1'475 m;2'113 m
5;1044;3.23 km;882 m;5 m;1'947 m;2'825 m
6;105;7.05 km;275 m;51 m;1'767 m;1'999 m
7;106;8.90 km;304 m;392 m;2'519 m;2'754 m
8;1098;5.84 km;929 m;20 m;1'084 m;2'001 m
9;1099;6.48 km;1'052 m;123 m;1'390 m;2'382 m
10;11;5.07 km;1'473 m;115 m;944 m;2'410 m
11;111;5.04 km;623 m;23 m;1'896 m;2'496 m
12;114;4.03 km;549 m;14 m;2'006 m;2'541 m
13;115;8.11 km;746 m;46 m;1'826 m;2'541 m
14;1150;7.50 km;985 m;37 m;1'183 m;2'139 m
15;1151;5.99 km;809 m;312 m;1'900 m;2'402 m
16;117;6.70 km;270 m;49 m;1'768 m;1'995 m
17;12;6.48 km;1'218 m;4 m;797 m;2'011 m
18;1218;4.57 km;1'360 m;10 m;777 m;2'128 m
19;1219;6.16 km;1'410 m;115 m;830 m;2'198 m
20;1222;4.05 km;530 m;7 m;1'132 m;1'659 m
21;1225;7.65 km;1'379 m;32 m;979 m;2'342 m
22;1227;4.18 km;250 m;10 m;1'527 m;1'773 m
23;1228;5.56 km;463 m;33 m;831 m;1'264 m
24;123;2.01 km;662 m;6 m;2'493 m;3'152 m
25;1233;4.70 km;858 m;33 m;1'584 m;2'427 m
26;1234;4.52 km;758 m;239 m;1'815 m;2'334 m
27;1237;4.75 km;532 m;167 m;1'937 m;2'455 m
28;1239;5.91 km;1'018 m;61 m;959 m;1'935 m
29;124;5.33 km;907 m;11 m;1'421 m;2'328 m
30;1240;6.43 km;966 m;22 m;1'158 m;2'107 m
31;1241;3 km;619 m;7 m;1'365 m;1'976 m
32;1242;4.22 km;410 m;63 m;1'579 m;1'933 m
33;1246;6.91 km;1'575 m;8 m;778 m;2'346 m
34;1247;1.39 km;189 m;1 m;1'936 m;2'124 m
35;1249;3.81 km;380 m;96 m;1'671 m;1'989 m
36;125;11.13 km;1'160 m;757 m;1'924 m;2'809 m
37;1252;6.24 km;540 m;20 m;994 m;1'514 m
38;1253;4.84 km;596 m;77 m;994 m;1'521 m
39;1257;1.47 km;301 m;20 m;2'685 m;2'966 m
40;1262;4.82 km;459 m;81 m;2'164 m;2'550 m
41;1263;6.72 km;795 m;6 m;980 m;1'773 m
42;1265;2.61 km;421 m;26 m;1'768 m;2'166 m
43;1267;7.86 km;305 m;143 m;2'161 m;2'390 m
44;1268;3.08 km;311 m;33 m;2'429 m;2'707 m
45;1269;1.69 km;428 m;0 m;2'279 m;2'707 m
46;127;5.69 km;897 m;0 m;1'697 m;2'593 m
47;1271;2.38 km;466 m;19 m;1'667 m;2'115 m
48;1274;2.58 km;238 m;7 m;1'862 m;2'094 m
49;1277;1.66 km;365 m;0 m;2'427 m;2'792 m
50;128;4.75 km;372 m;32 m;2'253 m;2'593 m
51;1285;3.36 km;482 m;19 m;1'924 m;2'388 m
52;1286;8.63 km;635 m;30 m;1'436 m;2'041 m
53;1288;13.64 km;922 m;1'506 m;1'338 m;2'790 m
54;1289;6.47 km;776 m;115 m;1'825 m;2'564 m
55;1290;5.38 km;862 m;13 m;1'998 m;2'847 m
56;1291;5.31 km;68 m;981 m;2'036 m;2'953 m
57;1292;12 km;748 m;798 m;2'036 m;2'776 m
58;1293;6.26 km;690 m;787 m;2'096 m;2'653 m
59;1296;4.05 km;650 m;20 m;1'392 m;2'031 m
60;1297;11.02 km;1'268 m;66 m;830 m;2'032 m
61;13;9.50 km;666 m;242 m;1'591 m;2'041 m
62;130;12.34 km;957 m;121 m;1'815 m;2'651 m
63;1300;4.84 km;773 m;8 m;1'526 m;2'292 m
64;1301;5.11 km;230 m;181 m;2'291 m;2'400 m
65;1303;2.79 km;532 m;44 m;2'649 m;3'163 m
66;1309;9.23 km;1'369 m;56 m;1'591 m;2'909 m
67;131;2.16 km;3 m;412 m;2'614 m;3'023 m
68;1310;5.67 km;591 m;11 m;1'517 m;2'097 m
69;1312;5.09 km;623 m;111 m;1'784 m;2'325 m
70;1313;4.49 km;796 m;22 m;1'802 m;2'583 m
71;1317;4.90 km;288 m;105 m;2'147 m;2'351 m
72;132;5.38 km;806 m;58 m;2'203 m;2'981 m
73;1326;12.80 km;996 m;461 m;1'981 m;2'632 m
74;1346;3.90 km;854 m;39 m;2'147 m;2'966 m
75;1347;4.85 km;940 m;22 m;1'659 m;2'597 m
76;1351;2.49 km;540 m;10 m;2'497 m;3'029 m
77;1352;4.62 km;974 m;7 m;1'722 m;2'688 m
78;1353;4.11 km;739 m;6 m;1'106 m;1'839 m
79;1354;6.57 km;531 m;672 m;1'822 m;2'456 m
80;1359;8.59 km;1'328 m;97 m;1'355 m;2'663 m
81;1360;na;na;na;na;na
82;1361;11.33 km;1'527 m;22 m;1'429 m;2'934 m
83;1367;5.33 km;954 m;2 m;813 m;1'766 m
84;1368;6.85 km;788 m;125 m;1'102 m;1'778 m
85;1369;3.66 km;795 m;0 m;701 m;1'496 m
86;1370;6.86 km;1'488 m;23 m;1'827 m;3'292 m
87;1379;0.77 km;63 m;11 m;1'441 m;1'504 m
88;1380;2.94 km;600 m;28 m;1'325 m;1'914 m
89;1381;3.84 km;682 m;5 m;1'221 m;1'898 m
90;1382;4.09 km;951 m;16 m;1'401 m;2'349 m
91;1384;4.28 km;782 m;38 m;1'489 m;2'235 m
92;1388;6.08 km;840 m;40 m;2'009 m;2'813 m
93;14;2.27 km;240 m;4 m;2'097 m;2'333 m
94;140;3.08 km;44 m;608 m;1'975 m;2'561 m
95;1400;4.65 km;649 m;69 m;2'092 m;2'695 m
96;141;9.47 km;1'266 m;94 m;996 m;2'253 m
97;142;7.10 km;1'045 m;164 m;1'354 m;2'376 m
98;1420;4.22 km;1'197 m;23 m;1'407 m;2'582 m
99;1421;4.20 km;981 m;28 m;1'783 m;2'757 m
100;1423;3.05 km;662 m;27 m;1'945 m;2'603 m
101;1425;7.56 km;911 m;29 m;1'511 m;2'393 m
102;1429;2.17 km;106 m;58 m;2'530 m;2'616 m
103;143;3.06 km;303 m;120 m;1'169 m;1'466 m
104;1448;10.76 km;955 m;65 m;1'171 m;2'061 m
105;1449;9.06 km;989 m;305 m;1'376 m;2'320 m
106;1452;6.70 km;989 m;611 m;1'946 m;2'833 m
107;1467;7.19 km;580 m;200 m;1'910 m;2'340 m
108;1468;4.32 km;880 m;1 m;901 m;1'780 m
109;1469;8.13 km;577 m;388 m;2'160 m;2'610 m
110;147;2.70 km;301 m;3 m;1'809 m;2'108 m
111;148;7.11 km;619 m;25 m;1'655 m;2'249 m
112;1482;4.74 km;551 m;360 m;1'513 m;1'828 m
113;1489;6 km;803 m;62 m;1'765 m;2'506 m
114;1490;7.08 km;1'025 m;299 m;1'778 m;2'647 m
115;1491;5.09 km;845 m;102 m;1'171 m;1'914 m
116;1493;1.53 km;358 m;3 m;1'325 m;1'682 m
117;1506;4.70 km;960 m;15 m;1'105 m;2'052 m
118;1511;2.86 km;753 m;5 m;1'360 m;2'108 m
119;1521;6.12 km;191 m;704 m;1'786 m;2'382 m
120;1523;8.47 km;1'396 m;281 m;957 m;2'314 m
121;1524;6.37 km;1'177 m;52 m;923 m;2'070 m
122;1539;0.91 km;205 m;0 m;1'635 m;1'840 m
123;1548;6.45 km;841 m;14 m;976 m;1'804 m
124;155;5.79 km;351 m;273 m;1'791 m;2'111 m
125;1573;5.37 km;1'196 m;51 m;1'537 m;2'688 m
126;1574;6.23 km;1'323 m;6 m;1'373 m;2'690 m
127;1588;2.78 km;443 m;3 m;1'262 m;1'702 m
128;16;2.72 km;40 m;394 m;2'220 m;2'574 m
129;1615;2.93 km;445 m;6 m;1'103 m;1'543 m
130;1617;4.95 km;832 m;29 m;1'106 m;1'908 m
131;1618;5.02 km;650 m;0 m;863 m;1'513 m
132;1628;3.58 km;773 m;15 m;1'113 m;1'870 m
133;1629;4.90 km;1'047 m;27 m;718 m;1'739 m
134;1630;8.59 km;1'279 m;24 m;721 m;1'994 m
135;1631;8.69 km;1'278 m;24 m;721 m;1'994 m
136;1643;2.53 km;566 m;1 m;1'366 m;1'930 m
137;1645;4.29 km;828 m;42 m;923 m;1'742 m
138;1646;7.11 km;945 m;99 m;993 m;1'839 m
139;1647;5.23 km;1'108 m;22 m;1'016 m;2'102 m
140;1648;4.91 km;652 m;40 m;1'059 m;1'671 m
141;1649;4.32 km;780 m;8 m;1'047 m;1'820 m
142;1656;3.95 km;695 m;13 m;1'016 m;1'699 m
143;1657;4.41 km;518 m;14 m;1'505 m;2'008 m
144;1658;10.90 km;890 m;114 m;814 m;1'632 m
145;1659;4.26 km;697 m;45 m;684 m;1'341 m
146;1660;4.23 km;327 m;14 m;666 m;983 m
147;1661;4.80 km;473 m;56 m;787 m;1'205 m
148;1662;5.89 km;761 m;40 m;1'969 m;2'690 m
149;1686;2.54 km;598 m;12 m;1'314 m;1'900 m
150;1687;9.91 km;1'138 m;511 m;1'278 m;2'280 m
151;1708;5.65 km;241 m;51 m;1'793 m;1'983 m
152;1711;8.08 km;352 m;285 m;1'911 m;2'220 m
153;1713;5.34 km;682 m;18 m;1'204 m;1'868 m
154;1715;8.37 km;548 m;597 m;1'868 m;2'434 m
155;1720;8.51 km;1'069 m;83 m;1'217 m;2'245 m
156;1722;2.80 km;346 m;83 m;1'083 m;1'400 m
157;1723;3.77 km;552 m;35 m;830 m;1'357 m
158;1731;3.37 km;566 m;46 m;1'952 m;2'508 m
159;1757;7.56 km;1'249 m;35 m;781 m;1'999 m
160;1761;4.75 km;856 m;85 m;1'217 m;2'066 m
161;1762;8.78 km;2'036 m;262 m;289 m;2'259 m
162;1763;4.97 km;812 m;25 m;837 m;1'637 m
163;1764;4.88 km;1'048 m;29 m;718 m;1'739 m
164;1765;8.61 km;1'216 m;51 m;721 m;1'905 m
165;1767;2.73 km;645 m;4 m;775 m;1'420 m
166;1771;6.09 km;978 m;63 m;773 m;1'712 m
167;1772;2.77 km;782 m;28 m;889 m;1'643 m
168;1773;7.76 km;1'437 m;132 m;892 m;2'197 m
169;1774;3.56 km;400 m;69 m;993 m;1'348 m
170;1777;4.64 km;641 m;28 m;1'059 m;1'671 m
171;1778;4.41 km;731 m;5 m;880 m;1'606 m
172;1779;1.67 km;165 m;54 m;1'566 m;1'722 m
173;1780;4.35 km;531 m;11 m;883 m;1'404 m
174;1781;9.37 km;1'434 m;78 m;816 m;2'173 m
175;1786;3.23 km;510 m;8 m;973 m;1'480 m
176;1787;5.38 km;773 m;176 m;873 m;1'614 m
177;1789;2.71 km;464 m;25 m;745 m;1'193 m
178;1826;1.24 km;201 m;105 m;2'065 m;2'264 m
179;1858;5.62 km;804 m;1 m;1'300 m;2'104 m
180;1864;2.81 km;578 m;0 m;876 m;1'454 m
181;1874;2.58 km;317 m;2 m;1'288 m;1'605 m
182;1878;1.72 km;57 m;35 m;1'013 m;1'056 m
183;1880;3.42 km;948 m;8 m;1'545 m;2'485 m
184;1881;6.17 km;1'245 m;2 m;1'340 m;2'584 m
185;1882;4.17 km;375 m;28 m;1'271 m;1'632 m
186;1889;6.53 km;1'222 m;8 m;796 m;2'011 m
187;1891;3.92 km;754 m;29 m;1'605 m;2'330 m
188;19;5.76 km;321 m;154 m;1'782 m;1'980 m
189;192;5.33 km;983 m;4 m;1'405 m;2'386 m
190;193;10.29 km;1'440 m;38 m;973 m;2'386 m
191;194;4.54 km;474 m;1 m;503 m;977 m
192;195;5.51 km;831 m;5 m;1'315 m;2'143 m
193;1971;2.49 km;524 m;1 m;1'163 m;1'687 m
194;1982;5.46 km;889 m;192 m;1'053 m;1'884 m
195;1983;1.04 km;159 m;104 m;1'900 m;1'967 m
196;1986;1.26 km;520 m;37 m;1'482 m;2'001 m
197;199;4.40 km;812 m;13 m;1'819 m;2'623 m
198;204;10.30 km;472 m;224 m;1'841 m;2'089 m
199;207;8.09 km;1'202 m;11 m;1'331 m;2'523 m
200;2070;6.61 km;520 m;126 m;1'637 m;2'056 m
201;208;12.11 km;1'493 m;274 m;1'305 m;2'524 m
202;209;8.28 km;708 m;153 m;1'617 m;2'293 m
203;212;4.29 km;370 m;1 m;1'618 m;1'987 m
204;2121;8.57 km;1'452 m;88 m;358 m;1'733 m
205;2122;8.73 km;1'242 m;407 m;897 m;2'056 m
206;2123;0.64 km;5 m;40 m;1'853 m;1'891 m
207;2124;5.59 km;933 m;17 m;939 m;1'856 m
208;2129;10.35 km;862 m;170 m;1'410 m;2'103 m
209;2130;7.38 km;1'279 m;18 m;1'314 m;2'576 m
210;2133;6.09 km;749 m;63 m;1'890 m;2'577 m
211;2138;8.17 km;1'175 m;53 m;906 m;2'032 m
212;2139;4.51 km;48 m;688 m;2'029 m;2'677 m
213;214;7.54 km;421 m;8 m;944 m;1'358 m
214;2140;4.39 km;29 m;958 m;2'031 m;2'966 m
215;2141;5.30 km;533 m;264 m;2'254 m;2'577 m
216;2142;6.74 km;968 m;21 m;1'192 m;2'139 m
217;2144;7.04 km;787 m;498 m;1'839 m;2'478 m
218;2146;0.33 km;12 m;6 m;1'766 m;1'777 m
219;2147;3.48 km;710 m;17 m;1'086 m;1'780 m
220;2149;2.47 km;740 m;4 m;1'050 m;1'786 m
221;215;4.11 km;557 m;3 m;662 m;1'217 m
222;216;3.28 km;325 m;322 m;1'335 m;1'482 m
223;2160;6.29 km;1'028 m;113 m;774 m;1'712 m
224;218;7.37 km;406 m;70 m;1'313 m;1'649 m
225;2197;1.60 km;490 m;0 m;1'916 m;2'406 m
226;2198;6.06 km;1'166 m;47 m;1'041 m;2'197 m
227;2199;7.35 km;1'414 m;52 m;1'043 m;2'440 m
228;2201;4.74 km;875 m;1 m;1'185 m;2'060 m
229;2206;6.04 km;911 m;66 m;1'409 m;2'255 m
230;2207;4.89 km;667 m;196 m;2'010 m;2'579 m
231;2208;3.89 km;587 m;95 m;2'010 m;2'587 m
232;2209;4.77 km;939 m;8 m;2'087 m;3'018 m
233;221;7.39 km;858 m;87 m;1'460 m;2'232 m
234;2226;0.58 km;68 m;0 m;2'097 m;2'164 m
235;2242;3.62 km;777 m;34 m;1'386 m;2'132 m
236;2243;1.33 km;164 m;8 m;1'840 m;1'997 m
237;2244;5.05 km;975 m;59 m;993 m;1'938 m
238;2291;8.37 km;792 m;56 m;1'605 m;2'341 m
239;2292;6.85 km;800 m;26 m;1'459 m;2'234 m
240;2299;5.94 km;933 m;25 m;1'093 m;2'001 m
241;2311;7.94 km;959 m;47 m;1'907 m;2'819 m
242;2312;7.86 km;738 m;216 m;2'342 m;2'864 m
243;2313;4.38 km;236 m;436 m;1'468 m;1'815 m
244;2317;2.70 km;509 m;20 m;1'997 m;2'486 m
245;2319;0.18 km;0 m;40 m;2'485 m;2'524 m
246;2320;8.27 km;740 m;44 m;1'818 m;2'521 m
247;2321;0.37 km;27 m;3 m;1'867 m;1'894 m
248;2322;5.68 km;995 m;44 m;1'476 m;2'427 m
249;2323;0.20 km;0 m;15 m;2'209 m;2'224 m
250;2347;1.89 km;296 m;82 m;1'998 m;2'223 m
251;2348;0.68 km;7 m;0 m;1'352 m;1'359 m
252;2358;na;na;na;na;na
253;2360;4.17 km;163 m;122 m;1'309 m;1'399 m
254;2361;3.78 km;823 m;101 m;1'352 m;2'121 m
255;2362;3.55 km;846 m;29 m;866 m;1'710 m
256;2363;5.46 km;971 m;10 m;1'025 m;1'986 m
257;2364;5.51 km;1'210 m;114 m;425 m;1'540 m
258;2365;2.97 km;356 m;8 m;1'389 m;1'736 m
259;2366;4.20 km;665 m;22 m;1'365 m;2'019 m
260;2367;4.09 km;223 m;391 m;2'450 m;2'707 m
261;2370;3.07 km;507 m;8 m;977 m;1'476 m
262;2371;4.23 km;717 m;8 m;983 m;1'692 m
263;2372;5.13 km;786 m;29 m;1'255 m;2'012 m
264;2373;4.67 km;866 m;93 m;1'474 m;2'246 m
265;2374;11.57 km;1'401 m;325 m;1'335 m;2'413 m
266;2375;7.16 km;1'441 m;58 m;1'002 m;2'387 m
267;2376;8.66 km;755 m;313 m;1'936 m;2'480 m
268;2377;10.15 km;1'534 m;65 m;959 m;2'430 m
269;2378;6.42 km;926 m;347 m;1'956 m;2'569 m
270;2379;7.17 km;492 m;159 m;474 m;842 m
271;2380;3.68 km;1'080 m;26 m;1'909 m;2'964 m
272;2381;5.82 km;1'000 m;4 m;502 m;1'500 m
273;2382;3.60 km;598 m;28 m;1'474 m;2'044 m
274;2383;6.17 km;321 m;140 m;2'219 m;2'428 m
275;2384;3.32 km;579 m;0 m;2'208 m;2'787 m
276;2385;2.07 km;494 m;0 m;1'859 m;2'352 m
277;2386;3.08 km;44 m;608 m;1'975 m;2'561 m
278;2387;6.37 km;775 m;152 m;1'840 m;2'463 m
279;2394;4.79 km;606 m;56 m;2'120 m;2'671 m
280;2395;2.91 km;574 m;5 m;1'841 m;2'409 m
281;2396;1.95 km;208 m;21 m;1'658 m;1'853 m
282;2397;1.40 km;109 m;73 m;2'136 m;2'200 m
283;2398;6.20 km;1'064 m;17 m;1'331 m;2'378 m
284;2399;9.02 km;1'228 m;32 m;1'271 m;2'482 m
285;2400;2.35 km;517 m;8 m;794 m;1'307 m
286;2401;4.24 km;552 m;361 m;2'184 m;2'699 m
287;2417;1.34 km;618 m;4 m;2'564 m;3'179 m
288;242;7.37 km;407 m;70 m;1'313 m;1'649 m
289;243;7.65 km;1'014 m;125 m;1'279 m;2'190 m
290;2435;4.93 km;947 m;31 m;1'406 m;2'322 m
291;244;6.78 km;887 m;384 m;1'625 m;2'430 m
292;245;4.62 km;120 m;3 m;1'611 m;1'728 m
293;246;5.32 km;699 m;4 m;1'969 m;2'665 m
294;2466;5.71 km;741 m;23 m;969 m;1'686 m
295;247;8.35 km;821 m;183 m;1'969 m;2'665 m
296;2474;3.19 km;648 m;29 m;1'687 m;2'335 m
297;248;5.81 km;885 m;16 m;1'768 m;2'637 m
298;2481;2.25 km;76 m;417 m;2'123 m;2'474 m
299;2486;5.86 km;616 m;124 m;1'863 m;2'358 m
300;2487;8 km;1'130 m;35 m;1'340 m;2'454 m
301;2488;0.07 km;13 m;0 m;1'715 m;1'727 m
302;2489;1.03 km;112 m;13 m;2'922 m;3'032 m
303;249;11.80 km;1'151 m;62 m;1'605 m;2'694 m
304;2490;4.58 km;742 m;6 m;2'401 m;3'137 m
305;2491;4.49 km;1'026 m;13 m;1'244 m;2'268 m
306;2492;3.50 km;542 m;21 m;2'135 m;2'655 m
307;2493;3.87 km;313 m;112 m;1'859 m;2'142 m
308;2495;0.11 km;1 m;12 m;2'132 m;2'143 m
309;2498;3.44 km;557 m;21 m;1'396 m;1'934 m
310;2499;4.54 km;610 m;6 m;906 m;1'510 m
311;250;8.95 km;550 m;441 m;2'176 m;2'695 m
312;2500;7.89 km;769 m;361 m;1'468 m;2'132 m
313;2501;3.46 km;559 m;22 m;1'395 m;1'934 m
314;2502;3.14 km;600 m;0 m;1'008 m;1'608 m
315;251;3.02 km;496 m;19 m;2'349 m;2'826 m
316;2519;0.06 km;0 m;6 m;3'136 m;3'142 m
317;252;4.77 km;269 m;37 m;1'673 m;1'910 m
318;2520;7.26 km;916 m;806 m;1'639 m;2'547 m
319;253;5.94 km;594 m;51 m;1'673 m;2'229 m
320;2538;5.86 km;1'240 m;18 m;1'181 m;2'402 m
321;2539;4.13 km;792 m;86 m;1'633 m;2'339 m
322;254;3.14 km;100 m;21 m;1'673 m;1'754 m
323;2540;5.97 km;1'115 m;18 m;1'311 m;2'407 m
324;255;2.68 km;591 m;24 m;1'399 m;1'977 m
325;2550;3.15 km;245 m;211 m;2'860 m;3'055 m
326;2551;1.99 km;399 m;3 m;2'458 m;2'854 m
327;2552;9 km;519 m;24 m;1'331 m;1'827 m
328;2555;6.93 km;1'286 m;51 m;1'652 m;2'893 m
329;2556;4.25 km;1'149 m;15 m;1'594 m;2'741 m
330;256;7.73 km;828 m;134 m;1'818 m;2'521 m
331;258;7.90 km;1'602 m;57 m;1'117 m;2'673 m
332;2586;4.03 km;969 m;21 m;702 m;1'656 m
333;2587;3.56 km;1'023 m;3 m;476 m;1'499 m
334;259;4.07 km;983 m;14 m;1'399 m;2'377 m
335;260;4.01 km;712 m;33 m;2'570 m;3'261 m
336;261;8.42 km;1'428 m;21 m;1'854 m;3'261 m
337;262;8.18 km;895 m;126 m;1'799 m;2'568 m
338;263;11.85 km;1'565 m;138 m;1'137 m;2'568 m
339;264;16.85 km;1'272 m;795 m;1'625 m;2'568 m
340;2644;10.18 km;1'693 m;113 m;1'672 m;3'252 m
341;265;9.76 km;742 m;90 m;1'911 m;2'568 m
342;2657;0.48 km;2 m;102 m;2'065 m;2'167 m
343;266;5.14 km;371 m;92 m;1'981 m;2'313 m
344;267;2.26 km;370 m;2 m;1'613 m;1'983 m
345;2679;7.48 km;1'360 m;25 m;1'969 m;3'304 m
346;268;7.11 km;636 m;18 m;1'537 m;2'155 m
347;269;2.85 km;324 m;20 m;2'421 m;2'732 m
348;2691;5.36 km;980 m;12 m;1'031 m;2'002 m
349;2692;4.44 km;666 m;185 m;2'004 m;2'485 m
350;27;7.62 km;877 m;314 m;1'607 m;2'172 m
351;270;10.01 km;1'096 m;492 m;1'969 m;2'753 m
352;2706;5.90 km;1'300 m;8 m;957 m;2'251 m
353;271;3.31 km;449 m;15 m;2'106 m;2'540 m
354;272;6.29 km;1'015 m;13 m;1'537 m;2'539 m
355;273;6.72 km;865 m;209 m;1'782 m;2'439 m
356;274;5.43 km;766 m;111 m;1'783 m;2'438 m
357;275;7.28 km;754 m;188 m;1'782 m;2'348 m
358;277;2.90 km;526 m;119 m;1'357 m;1'764 m
359;278;2.13 km;534 m;30 m;1'357 m;1'886 m
360;2817;4.36 km;734 m;44 m;1'409 m;2'100 m
361;2818;2.56 km;180 m;33 m;1'960 m;2'124 m
362;282;5.89 km;740 m;16 m;1'402 m;2'127 m
363;2828;0.43 km;134 m;0 m;2'833 m;2'967 m
364;283;3.33 km;593 m;7 m;1'784 m;2'371 m
365;2833;3.22 km;278 m;172 m;1'596 m;1'792 m
366;284;5.39 km;1'040 m;41 m;1'079 m;2'105 m
367;2842;5.63 km;1'085 m;42 m;1'409 m;2'452 m
368;285;3.32 km;907 m;0 m;1'198 m;2'105 m
369;289;4.02 km;1'114 m;5 m;911 m;2'020 m
370;2929;5.28 km;1'033 m;27 m;1'537 m;2'543 m
371;293;2.69 km;440 m;7 m;1'521 m;1'956 m
372;2933;2.28 km;456 m;18 m;2'105 m;2'543 m
373;2937;3.49 km;640 m;33 m;1'723 m;2'330 m
374;2938;8.49 km;1'157 m;43 m;1'672 m;2'786 m
375;2942;na;na;na;na;na
376;2943;1.77 km;89 m;27 m;1'097 m;1'170 m
377;2944;7.05 km;621 m;27 m;1'655 m;2'249 m
378;2945;2.55 km;181 m;92 m;3'079 m;3'259 m
379;2946;8.35 km;1'696 m;18 m;1'151 m;2'829 m
380;2947;2.69 km;334 m;62 m;2'190 m;2'466 m
381;2948;5.21 km;710 m;46 m;1'609 m;2'302 m
382;2949;4.44 km;596 m;422 m;2'008 m;2'391 m
383;2970;5.32 km;955 m;1 m;812 m;1'766 m
384;2994;5.98 km;783 m;12 m;1'460 m;2'232 m
385;2996;7.53 km;730 m;127 m;1'616 m;2'293 m
386;3003;na;na;na;na;na
387;3004;na;na;na;na;na
388;3026;9.42 km;1'477 m;173 m;805 m;2'115 m
389;3044;1.49 km;78 m;27 m;1'793 m;1'847 m
390;3050;8.47 km;736 m;58 m;1'097 m;1'784 m
391;3053;9.74 km;1'075 m;56 m;1'097 m;2'127 m
392;3055;5.48 km;1'031 m;28 m;1'097 m;2'109 m
393;3058;5.42 km;630 m;30 m;1'897 m;2'497 m
394;3061;9.72 km;1'180 m;35 m;1'476 m;2'622 m
395;3063;8.19 km;885 m;818 m;1'953 m;2'641 m
396;3064;9.94 km;429 m;179 m;1'841 m;2'090 m
397;3065;9.14 km;572 m;463 m;2'180 m;2'717 m
398;3066;4.23 km;366 m;1 m;1'623 m;1'989 m
399;3067;3.58 km;127 m;5 m;944 m;1'066 m
400;3068;8.26 km;1'085 m;51 m;1'537 m;2'572 m
401;3070;0.68 km;48 m;11 m;2'522 m;2'562 m
402;3071;12.79 km;768 m;1'217 m;1'888 m;2'972 m
403;3072;10.91 km;1'505 m;961 m;1'978 m;3'217 m
404;3073;6.96 km;535 m;470 m;2'467 m;2'881 m
405;3078;11.36 km;1'173 m;141 m;1'310 m;2'449 m
406;3079;5.37 km;746 m;69 m;2'087 m;2'781 m
407;3080;5.03 km;379 m;298 m;1'791 m;2'119 m
408;3081;4.10 km;721 m;34 m;1'566 m;2'263 m
409;3126;9.16 km;1'034 m;463 m;1'600 m;2'429 m
410;31316;5.16 km;1'025 m;20 m;1'841 m;2'849 m
411;3148;1.79 km;50 m;14 m;2'095 m;2'132 m
412;3149;3.72 km;763 m;48 m;2'288 m;3'046 m
413;3150;7.15 km;1'448 m;124 m;877 m;2'240 m
414;3152;11 km;1'338 m;362 m;1'363 m;2'639 m
415;3153;5.27 km;1'184 m;32 m;1'723 m;2'876 m
416;3154;3.39 km;987 m;19 m;1'359 m;2'328 m
417;3167;7.50 km;1'735 m;61 m;1'161 m;2'834 m
418;3169;5.10 km;429 m;18 m;1'171 m;1'594 m
419;3173;6.82 km;850 m;84 m;1'236 m;2'003 m
420;3174;7.56 km;1'213 m;20 m;1'331 m;2'525 m
421;3175;11.83 km;722 m;152 m;1'871 m;2'502 m
422;3178;4.24 km;111 m;278 m;2'257 m;2'502 m
423;3179;0.07 km;6 m;2 m;1'859 m;1'866 m
424;3182;5.40 km;710 m;40 m;1'623 m;2'317 m
425;3183;4.96 km;768 m;43 m;1'578 m;2'303 m
426;3184;2.69 km;153 m;237 m;2'706 m;2'873 m
427;3186;6.72 km;1'297 m;37 m;1'316 m;2'576 m
428;3191;1.19 km;2 m;216 m;2'363 m;2'577 m
429;3198;11.92 km;1'202 m;959 m;1'613 m;2'633 m
430;3200;5.96 km;724 m;2 m;1'613 m;2'335 m
431;3203;6.04 km;1'222 m;19 m;1'381 m;2'584 m
432;3204;5.30 km;1'226 m;11 m;1'368 m;2'584 m
433;3205;3.29 km;836 m;19 m;1'615 m;2'432 m
434;3206;6.49 km;650 m;502 m;2'320 m;2'802 m
435;3207;3.69 km;1'008 m;39 m;1'839 m;2'835 m
436;3208;4.38 km;36 m;1'037 m;1'808 m;2'835 m
437;3209;5.32 km;1'338 m;110 m;1'412 m;2'640 m
438;3210;3.44 km;643 m;124 m;2'101 m;2'623 m
439;3212;5.62 km;804 m;1 m;1'300 m;2'104 m
440;3213;9.92 km;886 m;124 m;1'784 m;2'574 m
441;3214;15.35 km;1'317 m;440 m;1'280 m;2'379 m
442;3215;2.13 km;369 m;0 m;1'613 m;1'982 m
443;3228;14.04 km;929 m;91 m;1'774 m;2'616 m
444;3233;4.54 km;57 m;738 m;2'611 m;3'293 m
445;3240;6.76 km;316 m;12 m;1'700 m;2'005 m
446;3241;11.39 km;830 m;21 m;1'774 m;2'584 m
447;3242;4.84 km;897 m;2 m;1'697 m;2'593 m
448;3243;7.45 km;940 m;488 m;2'198 m;2'981 m
449;3246;4.74 km;1'036 m;16 m;1'441 m;2'472 m
450;3247;7.37 km;1'233 m;14 m;834 m;2'053 m
451;3248;7.72 km;981 m;44 m;956 m;1'895 m
452;3250;3.85 km;1'036 m;126 m;994 m;2'018 m
453;3251;4.60 km;854 m;12 m;1'366 m;2'208 m
454;3254;1.89 km;556 m;13 m;1'175 m;1'728 m
455;3255;12.33 km;983 m;734 m;2'234 m;3'089 m
456;3256;8.76 km;712 m;48 m;1'611 m;2'275 m
457;32575;9.25 km;1'637 m;74 m;1'084 m;2'648 m
458;32589;1.96 km;621 m;4 m;1'565 m;2'181 m
459;32590;7.70 km;1'020 m;86 m;1'522 m;2'456 m
460;3265;4.33 km;1'536 m;5 m;1'409 m;2'941 m
461;32677;6.03 km;828 m;66 m;1'932 m;2'722 m
462;32686;5.22 km;1'273 m;1 m;329 m;1'601 m
463;32687;5.78 km;1'422 m;3 m;329 m;1'748 m
464;32688;6.75 km;1'662 m;4 m;329 m;1'988 m
465;32689;8.80 km;1'160 m;24 m;1'708 m;2'851 m
466;3275;2.02 km;14 m;396 m;2'723 m;3'110 m
467;3278;7.18 km;775 m;25 m;1'517 m;2'267 m
468;3279;6.98 km;906 m;25 m;1'517 m;2'411 m
469;3280;6.86 km;31 m;746 m;2'166 m;2'881 m
470;3281;8.11 km;1'293 m;31 m;1'439 m;2'706 m
471;3296;8.99 km;86 m;1'524 m;1'209 m;2'647 m
472;3298;7.77 km;1'510 m;3 m;567 m;2'077 m
473;3303;0.72 km;142 m;15 m;2'775 m;2'913 m
474;3304;5.73 km;1'573 m;8 m;1'278 m;2'844 m
475;3305;13.33 km;1'106 m;311 m;1'218 m;2'041 m
476;3306;9.46 km;754 m;101 m;1'905 m;2'569 m
477;3309;6.54 km;1'350 m;59 m;1'169 m;2'511 m
478;3310;6.57 km;1'019 m;39 m;1'405 m;2'386 m
479;3311;7.88 km;1'251 m;128 m;870 m;1'994 m
480;3312;7.18 km;734 m;106 m;926 m;1'553 m
481;3313;5.61 km;986 m;149 m;1'690 m;2'554 m
482;3314;4.09 km;319 m;7 m;1'082 m;1'394 m
483;3315;4.68 km;787 m;20 m;711 m;1'478 m
484;3316;7.15 km;460 m;1'024 m;1'479 m;2'477 m
485;3318;6.47 km;1'219 m;14 m;897 m;2'103 m
486;3320;7.99 km;1'237 m;4 m;1'017 m;2'253 m
487;3321;5.85 km;75 m;685 m;2'322 m;2'947 m
488;335;10.50 km;1'062 m;8 m;944 m;1'997 m
489;3374;0.65 km;140 m;2 m;2'461 m;2'600 m
490;3377;na;na;na;na;na
491;349;11.17 km;1'804 m;614 m;914 m;2'373 m
492;3518;4.02 km;596 m;22 m;1'526 m;2'100 m
493;353;1.40 km;353 m;2 m;1'902 m;2'255 m
494;354;1.02 km;353 m;3 m;1'902 m;2'255 m
495;355;1.33 km;85 m;16 m;1'081 m;1'166 m
496;356;1.14 km;85 m;0 m;1'081 m;1'166 m
497;357;5.79 km;941 m;36 m;998 m;1'907 m
498;358;5.55 km;851 m;9 m;1'366 m;2'208 m
499;359;5.03 km;492 m;64 m;1'860 m;2'290 m
500;360;3.28 km;532 m;1 m;1'718 m;2'249 m
501;361;0.07 km;3 m;2 m;1'859 m;1'861 m
502;362;9.64 km;641 m;503 m;1'655 m;1'952 m
503;363;4.77 km;784 m;20 m;711 m;1'475 m
504;364;8.29 km;464 m;1'016 m;1'475 m;2'477 m
505;365;3.94 km;519 m;24 m;831 m;1'333 m
506;366;8.64 km;1'020 m;408 m;1'433 m;2'347 m
507;367;5.52 km;475 m;44 m;832 m;1'264 m
508;368;2.92 km;265 m;55 m;1'862 m;2'072 m
509;369;8.36 km;676 m;121 m;933 m;1'539 m
510;3696;3.68 km;752 m;6 m;1'490 m;2'238 m
511;3697;7.85 km;531 m;552 m;2'223 m;2'648 m
512;3699;7.74 km;886 m;141 m;1'782 m;2'560 m
513;370;6.29 km;277 m;118 m;647 m;831 m
514;3764;2.22 km;402 m;55 m;2'194 m;2'561 m
515;3772;2.22 km;330 m;24 m;1'129 m;1'456 m
516;378;5.65 km;614 m;120 m;805 m;1'330 m
517;379;6.21 km;672 m;229 m;1'954 m;2'452 m
518;381;6.29 km;277 m;118 m;647 m;831 m
519;382;4.44 km;739 m;121 m;1'882 m;2'575 m
520;3827;4.22 km;650 m;215 m;2'191 m;2'725 m
521;384;3.72 km;781 m;1 m;852 m;1'632 m
522;3840;3.17 km;428 m;35 m;2'282 m;2'684 m
523;385;2.32 km;556 m;15 m;1'176 m;1'730 m
524;3855;na;na;na;na;na
525;3857;2.36 km;389 m;3 m;1'786 m;2'172 m
526;386;0.53 km;33 m;21 m;1'700 m;1'730 m
527;387;3.78 km;476 m;4 m;608 m;1'082 m
528;388;8.84 km;743 m;461 m;1'448 m;2'138 m
529;3882;na;na;na;na;na
530;389;10.74 km;792 m;366 m;1'299 m;1'737 m
531;390;4.24 km;381 m;29 m;831 m;1'183 m
532;3907;6.13 km;1'111 m;1 m;1'373 m;2'483 m
533;392;6.18 km;1'049 m;8 m;1'441 m;2'487 m
534;3928;8.18 km;1'027 m;19 m;1'969 m;2'979 m
535;3929;0.17 km;1 m;41 m;2'483 m;2'524 m
536;393;9.86 km;1'004 m;459 m;1'969 m;2'694 m
537;3930;0.20 km;8 m;24 m;2'202 m;2'226 m
538;3931;1.89 km;265 m;57 m;2'447 m;2'664 m
539;395;3.12 km;334 m;0 m;931 m;1'265 m
540;396;5.13 km;603 m;14 m;1'766 m;2'355 m
541;397;4.32 km;1'056 m;20 m;1'526 m;2'563 m
542;399;5.18 km;1'191 m;30 m;1'384 m;2'563 m
543;3998;6.05 km;1'055 m;25 m;1'049 m;2'103 m
544;4;3.15 km;335 m;2 m;931 m;1'264 m
545;400;7.65 km;1'831 m;485 m;1'216 m;2'563 m
546;4000;4.78 km;910 m;65 m;2'004 m;2'848 m
547;4001;9.21 km;889 m;49 m;1'672 m;2'512 m
548;4003;7.33 km;1'422 m;24 m;1'633 m;3'031 m
549;4004;6.15 km;1'038 m;29 m;1'633 m;2'642 m
550;4006;5.53 km;683 m;9 m;1'124 m;1'797 m
551;401;4.01 km;644 m;1 m;1'109 m;1'751 m
552;40126;8.03 km;1'014 m;66 m;1'402 m;2'377 m
553;40130;10.24 km;1'671 m;30 m;401 m;2'041 m
554;40135;5.65 km;355 m;330 m;1'935 m;2'067 m
555;40136;6.82 km;1'235 m;65 m;1'513 m;2'697 m
556;4014;4.94 km;646 m;44 m;1'187 m;1'802 m
557;4016;2.48 km;736 m;60 m;1'867 m;2'581 m
558;4017;5.66 km;1'011 m;40 m;1'808 m;2'780 m
559;402;6.92 km;756 m;267 m;1'969 m;2'584 m
560;403;4.08 km;845 m;0 m;1'008 m;1'853 m
561;404;9.22 km;1'491 m;37 m;1'008 m;2'462 m
562;4040;5.72 km;701 m;49 m;1'806 m;2'458 m
563;40436;4.87 km;582 m;16 m;1'253 m;1'819 m
564;40498;0.57 km;69 m;136 m;2'847 m;2'927 m
565;405;6.86 km;1'464 m;10 m;1'008 m;2'462 m
566;4051;2.24 km;107 m;53 m;2'656 m;2'754 m
567;40514;4.79 km;909 m;3 m;1'445 m;2'351 m
568;40518;8.18 km;839 m;251 m;1'758 m;2'353 m
569;40521;4.38 km;209 m;112 m;3'655 m;3'824 m
570;40526;5.95 km;714 m;41 m;1'375 m;2'048 m
571;40527;4.27 km;190 m;90 m;2'095 m;2'212 m
572;4053;6.01 km;1'063 m;21 m;1'824 m;2'867 m
573;4054;4.57 km;89 m;591 m;2'274 m;2'860 m
574;4056;1.90 km;269 m;34 m;2'969 m;3'206 m
575;40573;9.13 km;25 m;1'409 m;1'154 m;2'539 m
576;4058;4.30 km;962 m;30 m;2'323 m;3'260 m
577;40583;2.20 km;310 m;0 m;1'006 m;1'316 m
578;40589;3.12 km;725 m;2 m;1'061 m;1'785 m
579;4059;5.24 km;953 m;18 m;1'683 m;2'631 m
580;40592;1.02 km;76 m;9 m;1'730 m;1'801 m
581;406;4.83 km;428 m;5 m;853 m;1'277 m
582;4060;5.11 km;575 m;38 m;1'664 m;2'230 m
583;40604;4.45 km;1'308 m;8 m;269 m;1'569 m
584;40608;5.08 km;249 m;1'017 m;1'788 m;2'560 m
585;4061;6.62 km;683 m;67 m;2'252 m;2'870 m
586;40610;6.94 km;807 m;785 m;2'083 m;2'540 m
587;40611;2.27 km;1 m;440 m;1'913 m;2'353 m
588;40612;9.48 km;1'560 m;20 m;1'067 m;2'612 m
589;40613;7.53 km;892 m;970 m;2'064 m;2'649 m
590;40614;9.35 km;1'123 m;850 m;2'065 m;2'767 m
591;40615;1.62 km;221 m;2 m;2'337 m;2'555 m
592;4062;5.30 km;1'352 m;71 m;1'835 m;3'161 m
593;40625;5.67 km;666 m;55 m;2'322 m;2'944 m
594;40626;5.94 km;107 m;412 m;2'627 m;2'980 m
595;40627;6.80 km;519 m;859 m;1'927 m;2'536 m
596;40630;na;na;na;na;na
597;40631;na;na;na;na;na
598;40635;5.82 km;808 m;134 m;1'615 m;2'416 m
599;40639;na;na;na;na;na
600;40642;5 km;740 m;28 m;1'276 m;1'991 m
601;40643;3.16 km;695 m;2 m;1'776 m;2'469 m
602;40644;3.12 km;1'016 m;8 m;1'776 m;2'785 m
603;40645;3.14 km;461 m;21 m;1'379 m;1'820 m
604;40653;na;na;na;na;na
605;40657;4.16 km;871 m;33 m;1'046 m;1'884 m
606;40661;4.79 km;613 m;76 m;1'367 m;1'905 m
607;40678;10.52 km;1'100 m;614 m;2'300 m;2'786 m
608;40679;5.38 km;706 m;270 m;1'194 m;1'654 m
609;40685;na;na;na;na;na
610;40686;6.32 km;839 m;10 m;976 m;1'805 m
611;4069;3.75 km;419 m;74 m;2'253 m;2'599 m
612;40691;6.03 km;984 m;26 m;1'128 m;2'093 m
613;407;4.36 km;776 m;32 m;1'147 m;1'895 m
614;40716;4.63 km;29 m;874 m;1'605 m;2'451 m
615;40761;1.09 km;33 m;44 m;501 m;542 m
616;40768;2.72 km;4 m;520 m;2'349 m;2'866 m
617;40790;0.40 km;61 m;1 m;2'090 m;2'151 m
618;40799;3.77 km;819 m;12 m;1'438 m;2'246 m
619;408;6.67 km;1'074 m;133 m;954 m;2'006 m
620;40806;3.01 km;1'023 m;3 m;1'170 m;2'191 m
621;40815;2.39 km;393 m;8 m;1'340 m;1'728 m
622;40817;3.31 km;1'048 m;120 m;1'502 m;2'430 m
623;40823;5.40 km;293 m;158 m;1'104 m;1'257 m
624;40824;4.18 km;792 m;36 m;2'034 m;2'816 m
625;40828;0.01 km;0 m;0 m;1'529 m;1'529 m
626;40829;1.79 km;455 m;47 m;2'498 m;2'931 m
627;40831;7.41 km;1'265 m;304 m;1'331 m;2'477 m
628;40833;4.59 km;952 m;193 m;1'943 m;2'818 m
629;40834;4.94 km;641 m;27 m;1'365 m;1'979 m
630;40836;3.17 km;518 m;101 m;1'826 m;2'326 m
631;4084;7.26 km;1'426 m;58 m;965 m;2'333 m
632;40846;6.67 km;1'084 m;43 m;962 m;2'002 m
633;4088;3.46 km;863 m;5 m;1'407 m;2'265 m
634;409;11.70 km;606 m;616 m;1'860 m;2'154 m
635;4093;5.67 km;709 m;18 m;1'916 m;2'625 m
636;4099;6.12 km;506 m;36 m;1'672 m;2'142 m
637;4103;7.31 km;971 m;8 m;1'402 m;2'368 m
638;4104;3.02 km;622 m;10 m;1'366 m;1'977 m
639;4105;4.37 km;176 m;172 m;1'968 m;2'001 m
640;4106;4.92 km;1'001 m;48 m;1'766 m;2'729 m
641;4107;4.29 km;1'314 m;2 m;1'395 m;2'708 m
642;4108;4.47 km;769 m;25 m;1'555 m;2'303 m
643;4109;3.86 km;579 m;67 m;2'195 m;2'708 m
644;411;3.35 km;519 m;6 m;965 m;1'478 m
645;4110;2.74 km;784 m;0 m;1'397 m;2'180 m
646;4111;3.70 km;1'244 m;14 m;1'479 m;2'709 m
647;4113;2.80 km;215 m;72 m;1'676 m;1'862 m
648;4114;8.34 km;1'052 m;97 m;1'861 m;2'816 m
649;4115;10.05 km;1'135 m;441 m;1'337 m;2'418 m
650;413;5.86 km;705 m;31 m;1'599 m;2'297 m
651;4130;8.05 km;1'041 m;38 m;1'809 m;2'821 m
652;4131;2.09 km;488 m;11 m;2'490 m;2'976 m
653;4132;3.80 km;908 m;57 m;2'726 m;3'578 m
654;4133;4.62 km;568 m;75 m;1'851 m;2'344 m
655;4134;4.40 km;599 m;6 m;906 m;1'500 m
656;4135;4.20 km;597 m;20 m;2'059 m;2'641 m
657;4136;1.05 km;2 m;271 m;1'403 m;1'674 m
658;4137;2.80 km;349 m;88 m;2'477 m;2'738 m
659;41372;3.99 km;862 m;18 m;2'323 m;3'172 m
660;41373;5.50 km;555 m;51 m;1'288 m;1'793 m
661;4138;2.26 km;329 m;63 m;772 m;1'081 m
662;4139;5.76 km;891 m;86 m;891 m;1'697 m
663;41400;7.77 km;763 m;365 m;1'113 m;1'874 m
664;4141;2.40 km;535 m;147 m;1'387 m;1'918 m
665;4143;6.21 km;586 m;62 m;906 m;1'431 m
666;4144;2.10 km;380 m;19 m;2'065 m;2'427 m
667;41443;6.23 km;1'121 m;97 m;1'667 m;2'729 m
668;41452;4.62 km;42 m;1'248 m;1'451 m;2'659 m
669;41453;6.31 km;269 m;623 m;1'849 m;2'352 m
670;4146;2.88 km;799 m;1 m;1'599 m;2'398 m
671;41468;4.73 km;156 m;56 m;1'650 m;1'770 m
672;4147;6.97 km;991 m;70 m;953 m;1'873 m
673;4148;3.99 km;885 m;8 m;918 m;1'795 m
674;4149;2.85 km;666 m;22 m;2'091 m;2'735 m
675;4151;5.06 km;943 m;29 m;1'083 m;1'996 m
676;4152;3.15 km;556 m;30 m;1'733 m;2'260 m
677;4153;1.59 km;385 m;15 m;2'014 m;2'384 m
678;4154;2.31 km;418 m;129 m;1'172 m;1'576 m
679;41547;4.01 km;210 m;32 m;1'208 m;1'399 m
680;4155;1.35 km;257 m;96 m;1'141 m;1'375 m
681;4156;1.59 km;469 m;39 m;1'946 m;2'378 m
682;4157;2.97 km;453 m;9 m;1'907 m;2'351 m
683;4158;2.26 km;435 m;25 m;1'478 m;1'908 m
684;4159;1.70 km;202 m;7 m;1'097 m;1'293 m
685;4160;2.27 km;340 m;2 m;1'099 m;1'439 m
686;4161;0.81 km;248 m;10 m;2'122 m;2'366 m
687;4162;0.78 km;31 m;1 m;2'091 m;2'122 m
688;4163;2.72 km;172 m;30 m;1'911 m;2'058 m
689;4165;2.95 km;421 m;25 m;1'753 m;2'169 m
690;417;7.54 km;722 m;94 m;923 m;1'551 m
691;418;4.73 km;174 m;31 m;1'235 m;1'390 m
692;4182;2.12 km;455 m;22 m;2'044 m;2'494 m
693;4184;5.80 km;882 m;47 m;1'024 m;1'859 m
694;4185;4.31 km;470 m;37 m;1'937 m;2'396 m
695;4186;3.24 km;555 m;40 m;1'296 m;1'811 m
696;4187;1.24 km;316 m;8 m;1'807 m;2'119 m
697;419;12.81 km;1'125 m;89 m;1'171 m;2'218 m
698;4191;4.70 km;841 m;1 m;959 m;1'799 m
699;4192;2.87 km;381 m;20 m;1'491 m;1'857 m
700;4193;3.39 km;194 m;134 m;1'910 m;2'041 m
701;4194;4.69 km;602 m;16 m;1'441 m;2'037 m
702;4195;2.79 km;413 m;3 m;1'401 m;1'811 m
703;4196;1.17 km;295 m;1 m;1'640 m;1'934 m
704;4198;6.11 km;402 m;44 m;1'364 m;1'724 m
705;420;4.84 km;329 m;93 m;2'269 m;2'507 m
706;4200;7.93 km;1'267 m;7 m;1'340 m;2'600 m
707;4201;2.85 km;593 m;5 m;1'782 m;2'371 m
708;4202;4.57 km;1'006 m;15 m;954 m;1'947 m
709;4203;2.48 km;220 m;50 m;2'549 m;2'728 m
710;4206;5.40 km;922 m;105 m;1'827 m;2'734 m
711;4207;3.14 km;541 m;25 m;1'345 m;1'861 m
712;4208;5.01 km;1'221 m;5 m;253 m;1'469 m
713;4209;1.42 km;4 m;255 m;1'468 m;1'721 m
714;4210;4.56 km;1'205 m;34 m;225 m;1'419 m
715;4234;1.33 km;164 m;25 m;436 m;595 m
716;4244;3.93 km;454 m;14 m;1'582 m;2'032 m
717;4245;4.63 km;854 m;37 m;1'797 m;2'621 m
718;4251;3.13 km;664 m;17 m;1'216 m;1'873 m
719;4252;5.74 km;624 m;38 m;1'527 m;2'114 m
720;4253;5.52 km;1'124 m;74 m;1'290 m;2'409 m
721;4254;6.51 km;908 m;44 m;1'157 m;2'027 m
722;4255;0.54 km;73 m;23 m;2'849 m;2'918 m
723;4257;1.52 km;257 m;12 m;2'311 m;2'556 m
724;4258;2.69 km;194 m;18 m;2'200 m;2'376 m
725;4266;7.86 km;738 m;216 m;2'342 m;2'864 m
726;4268;1.88 km;741 m;8 m;2'887 m;3'620 m
727;4269;5.71 km;963 m;39 m;2'047 m;2'971 m
728;4289;11.76 km;1'295 m;45 m;1'366 m;2'622 m
729;4291;15.24 km;129 m;1'124 m;1'627 m;2'623 m
730;4300;10.89 km;1'160 m;460 m;1'395 m;2'508 m
731;4314;1.86 km;626 m;18 m;835 m;1'461 m
732;4317;1.50 km;234 m;20 m;2'636 m;2'866 m
733;4331;5.04 km;1'033 m;24 m;1'071 m;2'080 m
734;4332;6.74 km;1'532 m;44 m;352 m;1'840 m
735;4333;7.11 km;1'606 m;118 m;352 m;1'877 m
736;4336;4.40 km;660 m;8 m;1'617 m;2'270 m
737;4337;3.71 km;554 m;1 m;1'430 m;1'983 m
738;4338;2.54 km;613 m;0 m;1'402 m;2'014 m
739;4339;4.90 km;1'042 m;18 m;970 m;1'993 m
740;4340;6.09 km;844 m;54 m;743 m;1'534 m
741;4346;5.62 km;452 m;119 m;944 m;1'332 m
742;4347;1.36 km;211 m;0 m;1'017 m;1'228 m
743;4363;7.16 km;686 m;77 m;2'001 m;2'616 m
744;4364;5.42 km;630 m;30 m;1'897 m;2'497 m
745;4388;1.53 km;300 m;4 m;2'477 m;2'777 m
746;4389;2.24 km;601 m;0 m;1'704 m;2'304 m
747;4390;7.80 km;1'075 m;89 m;1'404 m;2'406 m
748;4391;3.09 km;406 m;343 m;2'742 m;2'978 m
749;4392;2.15 km;325 m;2 m;1'938 m;2'263 m
750;4394;4.84 km;554 m;9 m;1'482 m;2'028 m
751;4395;7.86 km;1'287 m;11 m;944 m;2'220 m
752;4397;6.05 km;658 m;22 m;1'813 m;2'450 m
753;4398;5.97 km;940 m;17 m;1'690 m;2'617 m
754;4399;4.96 km;811 m;50 m;1'625 m;2'430 m
755;4400;3.92 km;791 m;18 m;1'534 m;2'323 m
756;4401;6.13 km;755 m;161 m;1'534 m;2'143 m
757;4402;2.95 km;1'007 m;45 m;1'331 m;2'324 m
758;4404;2.73 km;510 m;27 m;1'196 m;1'681 m
759;4413;na;na;na;na;na
760;4416;4.86 km;834 m;0 m;692 m;1'526 m
761;4417;3.16 km;757 m;0 m;767 m;1'525 m
762;4427;8.67 km;1'014 m;81 m;923 m;1'855 m
763;4428;11.76 km;1'358 m;126 m;924 m;2'156 m
764;4431;6.58 km;877 m;5 m;478 m;1'353 m
765;4432;4.03 km;722 m;9 m;836 m;1'556 m
766;4435;3.99 km;901 m;14 m;850 m;1'738 m
767;4436;3.55 km;14 m;568 m;1'609 m;2'167 m
768;4437;6.69 km;1'076 m;105 m;1'257 m;2'232 m
769;4438;4.83 km;727 m;11 m;1'099 m;1'817 m
770;4439;1.87 km;545 m;1 m;1'339 m;1'884 m
771;4440;3.15 km;729 m;12 m;1'283 m;2'001 m
772;4445;1.80 km;250 m;59 m;2'737 m;2'978 m
773;4447;3.26 km;708 m;4 m;2'034 m;2'738 m
774;4450;3.34 km;628 m;21 m;1'317 m;1'925 m
775;4451;1.87 km;496 m;2 m;2'000 m;2'493 m
776;4452;10.42 km;1'276 m;18 m;913 m;2'171 m
777;4453;1.60 km;189 m;126 m;2'218 m;2'367 m
778;4454;3.43 km;441 m;37 m;1'839 m;2'253 m
779;4458;2.46 km;446 m;56 m;2'521 m;2'913 m
780;4459;2.67 km;454 m;70 m;1'368 m;1'774 m
781;4476;10.47 km;1'663 m;839 m;1'044 m;2'565 m
782;4478;2.41 km;162 m;4 m;781 m;942 m
783;4479;13.34 km;1'293 m;124 m;896 m;2'066 m
784;4497;6.11 km;759 m;40 m;1'969 m;2'688 m
785;4510;7.05 km;621 m;27 m;1'655 m;2'249 m
786;4517;2.61 km;345 m;4 m;1'527 m;1'869 m
787;4518;7.64 km;1'412 m;332 m;211 m;1'594 m
788;4521;2.75 km;365 m;55 m;982 m;1'341 m
789;4522;12.44 km;1'832 m;515 m;416 m;2'134 m
790;4523;2.01 km;16 m;367 m;1'988 m;2'340 m
791;4528;3.11 km;503 m;62 m;1'904 m;2'345 m
792;4529;8.67 km;1'080 m;15 m;1'192 m;2'257 m
793;4530;7.20 km;493 m;1'071 m;1'474 m;2'507 m
794;4532;8.62 km;1'050 m;264 m;1'606 m;2'452 m
795;4533;6.32 km;664 m;280 m;1'475 m;2'122 m
796;4534;16.82 km;1'226 m;953 m;1'475 m;2'165 m
797;4535;3.88 km;494 m;90 m;2'331 m;2'785 m
798;4536;6.35 km;545 m;274 m;1'981 m;2'367 m
799;4537;14.46 km;828 m;1'187 m;1'625 m;2'452 m
800;4538;13.97 km;1'409 m;305 m;1'431 m;2'539 m
801;4539;2.50 km;335 m;0 m;1'095 m;1'430 m
802;4540;2.83 km;180 m;73 m;1'677 m;1'825 m
803;4541;10.76 km;1'075 m;980 m;1'514 m;2'480 m
804;4542;4.88 km;457 m;79 m;1'533 m;1'911 m
805;4543;10.47 km;940 m;245 m;1'930 m;2'666 m
806;4544;9.66 km;1'264 m;623 m;1'392 m;2'611 m
807;4545;11.42 km;1'362 m;498 m;911 m;2'148 m
808;4546;10.24 km;818 m;681 m;2'374 m;2'855 m
809;4547;4.29 km;729 m;8 m;2'128 m;2'851 m
810;4548;8.55 km;585 m;92 m;2'034 m;2'553 m
811;455;4.30 km;692 m;32 m;1'937 m;2'623 m
812;4550;10.07 km;1'131 m;309 m;993 m;1'927 m
813;4551;7.02 km;1'232 m;2 m;762 m;1'993 m
814;4552;3.61 km;458 m;92 m;1'686 m;2'073 m
815;4553;11.75 km;1'050 m;213 m;1'590 m;2'469 m
816;4554;7.84 km;1'068 m;80 m;1'054 m;2'043 m
817;4555;6.80 km;614 m;193 m;1'066 m;1'604 m
818;4556;7.80 km;794 m;181 m;722 m;1'464 m
819;4561;3.07 km;744 m;9 m;498 m;1'234 m
820;4563;15.46 km;2'005 m;881 m;955 m;2'427 m
821;4564;6.18 km;646 m;206 m;1'309 m;1'784 m
822;4566;1.10 km;247 m;25 m;2'675 m;2'911 m
823;4567;3.80 km;752 m;2 m;935 m;1'685 m
824;457;3.83 km;625 m;17 m;1'194 m;1'810 m
825;4575;10.05 km;1'665 m;139 m;771 m;2'313 m
826;4579;4.23 km;366 m;1 m;1'623 m;1'989 m
827;458;2.97 km;359 m;144 m;1'928 m;2'178 m
828;4582;1.39 km;363 m;6 m;2'107 m;2'464 m
829;4583;4.86 km;1'193 m;26 m;929 m;2'106 m
830;459;6.93 km;779 m;42 m;1'471 m;2'209 m
831;46;5.44 km;1'155 m;9 m;1'104 m;2'251 m
832;460;8.76 km;579 m;63 m;1'065 m;1'584 m
833;4607;3.12 km;37 m;199 m;1'846 m;2'041 m
834;461;9.17 km;665 m;304 m;1'943 m;2'382 m
835;4612;3.62 km;959 m;9 m;2'175 m;3'127 m
836;4614;5.81 km;882 m;65 m;633 m;1'455 m
837;4615;4.76 km;743 m;39 m;755 m;1'458 m
838;4616;0.90 km;106 m;37 m;460 m;566 m
839;4617;8.87 km;1'534 m;112 m;481 m;1'914 m
840;4618;3.40 km;543 m;26 m;1'345 m;1'863 m
841;4619;5.23 km;760 m;125 m;1'277 m;1'913 m
842;462;7.53 km;1'109 m;190 m;1'385 m;2'382 m
843;4620;3.73 km;315 m;331 m;1'708 m;1'913 m
844;463;8.64 km;581 m;65 m;1'065 m;1'584 m
845;4635;6.63 km;1'337 m;16 m;730 m;2'050 m
846;464;2.72 km;169 m;265 m;2'737 m;2'920 m
847;4646;3.27 km;539 m;9 m;199 m;732 m
848;4647;4.85 km;1'292 m;102 m;526 m;1'729 m
849;466;13.78 km;1'665 m;349 m;1'466 m;2'857 m
850;4667;3.22 km;375 m;117 m;1'501 m;1'798 m
851;4669;6.13 km;819 m;311 m;1'608 m;2'116 m
852;467;10.76 km;1'261 m;253 m;1'724 m;2'857 m
853;4679;3.90 km;765 m;24 m;1'911 m;2'659 m
854;468;4.18 km;646 m;42 m;1'351 m;1'955 m
855;4680;5.71 km;101 m;619 m;2'255 m;2'872 m
856;4681;5.18 km;923 m;8 m;716 m;1'631 m
857;469;2.71 km;870 m;7 m;1'957 m;2'819 m
858;470;7.40 km;1'326 m;179 m;1'596 m;2'830 m
859;471;5.96 km;1'456 m;21 m;1'392 m;2'830 m
860;4718;1.31 km;291 m;6 m;1'399 m;1'684 m
861;4719;2.73 km;484 m;16 m;440 m;908 m
862;473;3.23 km;351 m;10 m;1'171 m;1'512 m
863;474;1.48 km;6 m;95 m;1'594 m;1'685 m
864;4742;3.78 km;518 m;23 m;771 m;1'283 m
865;4746;3.23 km;569 m;21 m;982 m;1'538 m
866;475;7.24 km;1'111 m;64 m;1'391 m;2'455 m
867;476;3.41 km;540 m;22 m;1'393 m;1'914 m
868;477;8.94 km;633 m;1'143 m;2'246 m;2'966 m
869;4778;1.51 km;210 m;59 m;2'129 m;2'322 m
870;4779;3.31 km;510 m;112 m;1'983 m;2'397 m
871;478;0.73 km;3 m;145 m;2'179 m;2'322 m
872;4781;2.44 km;800 m;4 m;1'742 m;2'539 m
873;4782;4.49 km;1'073 m;37 m;668 m;1'738 m
874;4783;8.51 km;704 m;43 m;756 m;1'417 m
875;4790;2.67 km;585 m;6 m;1'022 m;1'601 m
876;480;2.67 km;454 m;70 m;1'368 m;1'774 m
877;4803;1.38 km;263 m;0 m;1'882 m;2'145 m
878;4815;4.13 km;652 m;249 m;1'610 m;2'049 m
879;4816;2.08 km;526 m;10 m;1'723 m;2'240 m
880;4817;6.08 km;356 m;731 m;1'649 m;2'136 m
881;4818;8.46 km;949 m;1'056 m;1'694 m;2'223 m
882;4819;4.12 km;596 m;195 m;1'738 m;2'155 m
883;482;4.17 km;613 m;53 m;1'765 m;2'328 m
884;4821;4.02 km;851 m;31 m;1'274 m;2'099 m
885;4822;2.07 km;269 m;14 m;2'003 m;2'260 m
886;4824;7.36 km;1'010 m;200 m;1'271 m;2'090 m
887;4826;4.48 km;738 m;106 m;1'490 m;2'122 m
888;484;1.55 km;357 m;2 m;1'326 m;1'682 m
889;486;4.07 km;598 m;23 m;876 m;1'453 m
890;4866;1.53 km;4 m;30 m;504 m;529 m
891;4867;2.32 km;243 m;10 m;722 m;962 m
892;487;8.05 km;1'436 m;111 m;880 m;2'240 m
893;488;10.70 km;959 m;347 m;1'774 m;2'393 m
894;489;3.75 km;1'079 m;10 m;1'594 m;2'669 m
895;490;5.64 km;1'161 m;28 m;1'588 m;2'737 m
896;4905;2.32 km;270 m;10 m;801 m;1'061 m
897;4909;3.02 km;422 m;2 m;641 m;1'061 m
898;4918;5.90 km;985 m;14 m;1'033 m;2'004 m
899;492;3.01 km;413 m;2 m;1'151 m;1'562 m
900;4922;1.74 km;375 m;38 m;1'036 m;1'399 m
901;4930;5.86 km;410 m;166 m;1'416 m;1'696 m
902;4937;4.04 km;609 m;54 m;1'762 m;2'318 m
903;4938;2.99 km;409 m;12 m;1'762 m;2'160 m
904;4939;3.50 km;653 m;168 m;1'151 m;1'642 m
905;494;2.90 km;309 m;35 m;2'190 m;2'466 m
906;4940;6.29 km;1'156 m;66 m;544 m;1'635 m
907;4942;2.34 km;640 m;2 m;2'574 m;3'213 m
908;4952;2.25 km;405 m;1 m;1'795 m;2'198 m
909;4953;1.45 km;405 m;3 m;1'862 m;2'265 m
910;4954;4.80 km;194 m;248 m;1'976 m;2'127 m
911;4965;3.03 km;745 m;17 m;2'075 m;2'803 m
912;4967;na;na;na;na;na
913;4971;7.17 km;685 m;1'045 m;2'344 m;3'010 m
914;4972;3.57 km;674 m;23 m;2'104 m;2'761 m
915;4973;2.47 km;134 m;28 m;1'327 m;1'460 m
916;4985;3.98 km;395 m;165 m;2'385 m;2'710 m
917;4987;6.75 km;521 m;378 m;2'329 m;2'674 m
918;4991;6.57 km;856 m;109 m;1'733 m;2'480 m
919;4992;2.75 km;654 m;8 m;955 m;1'602 m
920;5;3.92 km;754 m;29 m;1'605 m;2'330 m
921;5000;1.54 km;31 m;255 m;1'964 m;2'188 m
922;5001;2.25 km;416 m;5 m;1'632 m;2'044 m
923;5019;0.05 km;5 m;2 m;2'971 m;2'976 m
924;5022;5.21 km;549 m;99 m;434 m;892 m
925;5034;1.08 km;159 m;97 m;2'777 m;2'872 m
926;5036;2.24 km;85 m;597 m;2'503 m;3'086 m
927;5037;4.24 km;707 m;3 m;1'862 m;2'566 m
928;5056;5.97 km;940 m;17 m;1'690 m;2'617 m
929;5060;0.12 km;0 m;20 m;2'785 m;2'805 m
930;5062;3.69 km;365 m;135 m;1'908 m;2'223 m
931;5069;2.92 km;694 m;11 m;1'337 m;2'020 m
932;5073;4.80 km;752 m;75 m;1'279 m;1'955 m
933;5074;na;na;na;na;na
934;5082;2.21 km;233 m;1 m;1'171 m;1'402 m
935;5093;9.86 km;1'066 m;103 m;945 m;1'908 m
936;5109;3.31 km;461 m;94 m;1'956 m;2'357 m
937;5110;6.02 km;631 m;38 m;1'271 m;1'877 m
938;5111;2.84 km;420 m;11 m;1'780 m;2'189 m
939;5142;7.82 km;441 m;58 m;2'055 m;2'466 m
940;5144;4.20 km;650 m;11 m;1'959 m;2'598 m
941;5145;5.24 km;668 m;11 m;2'249 m;2'915 m
942;5146;3.67 km;520 m;201 m;2'349 m;2'866 m
943;5147;6.67 km;858 m;41 m;2'009 m;2'834 m
944;5148;2.44 km;298 m;5 m;2'099 m;2'397 m
945;5149;5.81 km;293 m;768 m;2'253 m;2'788 m
946;5150;3.07 km;421 m;59 m;1'910 m;2'283 m
947;5151;4.59 km;473 m;212 m;2'531 m;2'804 m
948;5158;2.83 km;411 m;143 m;2'222 m;2'548 m
949;5175;1.50 km;282 m;1 m;277 m;559 m
950;5188;5.03 km;296 m;377 m;1'791 m;2'119 m
951;5194;3.10 km;277 m;204 m;2'223 m;2'482 m
952;5195;4.70 km;1'435 m;0 m;1'245 m;2'681 m
953;5196;4.91 km;481 m;208 m;1'840 m;2'317 m
954;5197;8.14 km;1'347 m;12 m;662 m;1'997 m
955;5199;6.57 km;1'019 m;39 m;1'405 m;2'386 m
956;5205;6.67 km;1'341 m;6 m;1'496 m;2'831 m
957;5230;4.33 km;646 m;6 m;1'877 m;2'519 m
958;5234;2.71 km;238 m;58 m;1'349 m;1'531 m
959;5235;2.98 km;675 m;229 m;2'570 m;3'016 m
960;5236;2.11 km;502 m;92 m;1'985 m;2'487 m
961;5238;3.79 km;563 m;109 m;1'552 m;2'007 m
962;5239;1.80 km;57 m;256 m;2'036 m;2'267 m
963;5240;10.72 km;1'588 m;138 m;1'588 m;3'049 m
964;5257;3.42 km;313 m;4 m;564 m;873 m
965;5280;2.63 km;270 m;14 m;1'009 m;1'277 m
966;5297;2.24 km;816 m;50 m;600 m;1'394 m
967;53;3.91 km;391 m;66 m;1'889 m;2'252 m
968;5305;2.16 km;820 m;3 m;277 m;1'095 m
969;5353;5.65 km;1'305 m;127 m;987 m;2'281 m
970;5354;3.78 km;409 m;67 m;289 m;634 m
971;5366;5.88 km;1'577 m;245 m;1'244 m;2'584 m
972;5372;4.09 km;599 m;3 m;2'007 m;2'604 m
973;5373;6.46 km;1'239 m;15 m;1'645 m;2'869 m
974;5374;1.60 km;267 m;3 m;1'833 m;2'099 m
975;5377;12.82 km;618 m;706 m;2'210 m;2'629 m
976;5378;16.33 km;745 m;420 m;1'906 m;2'234 m
977;5379;7.92 km;371 m;693 m;1'765 m;2'419 m
978;5381;12.18 km;949 m;871 m;1'347 m;2'085 m
979;5390;4.55 km;592 m;32 m;646 m;1'206 m
980;5391;5.21 km;622 m;69 m;649 m;1'256 m
981;5392;2.59 km;625 m;36 m;645 m;1'239 m
982;5393;7.72 km;919 m;29 m;2'193 m;3'084 m
983;5396;6.76 km;401 m;420 m;2'389 m;2'724 m
984;543;7.08 km;1'466 m;111 m;1'448 m;2'825 m
985;544;3.62 km;424 m;0 m;1'151 m;1'574 m
986;5444;2.77 km;606 m;19 m;417 m;1'013 m
987;5446;1.61 km;420 m;31 m;2'240 m;2'653 m
988;5447;4.01 km;727 m;31 m;1'942 m;2'651 m
989;5448;16.32 km;1'253 m;1'503 m;1'358 m;2'100 m
990;5449;7.97 km;520 m;1'097 m;1'291 m;1'961 m
991;545;4.56 km;540 m;8 m;1'621 m;2'153 m
992;5450;8.37 km;584 m;849 m;1'734 m;2'245 m
993;5451;8.61 km;824 m;847 m;2'011 m;2'514 m
994;5455;4.10 km;0 m;597 m;2'005 m;2'602 m
995;5457;6.26 km;751 m;19 m;1'300 m;2'032 m
996;5458;6.32 km;704 m;181 m;1'283 m;1'910 m
997;546;4.72 km;587 m;10 m;1'621 m;2'197 m
998;5460;3.77 km;318 m;189 m;1'790 m;1'972 m
999;5461;3.16 km;942 m;1 m;618 m;1'559 m
1000;547;11.06 km;1'057 m;436 m;1'841 m;2'463 m
1001;5476;12.12 km;1'784 m;42 m;1'032 m;2'780 m
1002;5477;11.53 km;1'830 m;40 m;1'032 m;2'822 m
1003;5478;11.28 km;1'761 m;34 m;1'032 m;2'759 m
1004;548;10.52 km;999 m;377 m;1'841 m;2'628 m
1005;5480;11.45 km;1'840 m;34 m;1'032 m;2'839 m
1006;5481;3.62 km;12 m;586 m;2'076 m;2'650 m
1007;5483;5.23 km;926 m;78 m;994 m;1'843 m
1008;5484;7.30 km;1'576 m;75 m;329 m;1'842 m
1009;5490;9.79 km;444 m;509 m;1'907 m;2'239 m
1010;5491;1.76 km;557 m;0 m;738 m;1'295 m
1011;5492;9.58 km;1'923 m;187 m;327 m;2'085 m
1012;550;5.19 km;847 m;2 m;2'009 m;2'853 m
1013;5508;0.34 km;63 m;2 m;2'775 m;2'838 m
1014;551;3.45 km;267 m;5 m;2'190 m;2'456 m
1015;5516;4.31 km;1'151 m;0 m;1'676 m;2'827 m
1016;552;1.55 km;193 m;2 m;2'265 m;2'455 m
1017;554;3.09 km;52 m;209 m;2'654 m;2'816 m
1018;5547;5.13 km;79 m;970 m;955 m;1'912 m
1019;5548;10.36 km;803 m;1'041 m;1'843 m;2'426 m
1020;5549;5.76 km;546 m;701 m;1'749 m;2'395 m
1021;555;2.88 km;515 m;3 m;2'190 m;2'705 m
1022;5553;5.89 km;240 m;238 m;2'129 m;2'268 m
1023;5555;7.36 km;682 m;70 m;1'352 m;1'967 m
1024;557;3.63 km;972 m;4 m;1'407 m;2'374 m
1025;5573;13.66 km;584 m;693 m;1'508 m;1'948 m
1026;5576;3.01 km;13 m;285 m;2'298 m;2'571 m
1027;558;3.36 km;493 m;44 m;1'650 m;2'100 m
1028;5582;7.09 km;279 m;553 m;1'976 m;2'422 m
1029;559;2.07 km;404 m;3 m;2'587 m;2'988 m
1030;5592;7.13 km;485 m;699 m;1'370 m;2'032 m
1031;5600;1.42 km;217 m;13 m;2'189 m;2'402 m
1032;5602;1.02 km;150 m;11 m;774 m;916 m
1033;5606;3.08 km;268 m;25 m;474 m;719 m
1034;5607;2.41 km;545 m;1 m;485 m;1'031 m
1035;5608;1.77 km;134 m;43 m;2'310 m;2'407 m
1036;561;4.49 km;543 m;81 m;2'566 m;3'028 m
1037;5610;3.63 km;610 m;17 m;2'199 m;2'807 m
1038;5611;1.93 km;368 m;8 m;2'313 m;2'674 m
1039;5612;7.30 km;661 m;168 m;2'302 m;2'797 m
1040;5613;6.70 km;726 m;27 m;1'280 m;2'003 m
1041;5614;2.34 km;568 m;5 m;609 m;1'172 m
1042;5615;4.05 km;386 m;711 m;1'601 m;1'927 m
1043;5616;2.09 km;356 m;53 m;1'735 m;2'038 m
1044;5617;6.62 km;285 m;1'052 m;623 m;1'557 m
1045;5620;5.36 km;771 m;252 m;1'394 m;2'072 m
1046;5622;1.70 km;196 m;113 m;3'081 m;3'277 m
1047;563;1.67 km;327 m;0 m;2'399 m;2'726 m
1048;564;2.08 km;5 m;420 m;2'727 m;3'142 m
1049;5640;2.37 km;696 m;4 m;305 m;997 m
1050;5645;6.86 km;1'436 m;47 m;327 m;1'716 m
1051;565;4.06 km;338 m;10 m;1'223 m;1'554 m
1052;566;2.05 km;357 m;11 m;1'582 m;1'933 m
1053;5667;7.53 km;1'026 m;42 m;1'455 m;2'439 m
1054;5669;12.38 km;1'002 m;1'124 m;1'770 m;2'403 m
1055;567;3.71 km;377 m;20 m;1'514 m;1'874 m
1056;5674;6.53 km;512 m;511 m;1'727 m;2'180 m
1057;568;1.67 km;333 m;0 m;2'001 m;2'334 m
1058;569;5.39 km;861 m;12 m;1'998 m;2'847 m
1059;5745;4.65 km;291 m;127 m;2'140 m;2'364 m
1060;5747;2.84 km;738 m;4 m;583 m;1'317 m
1061;5748;3.62 km;788 m;54 m;581 m;1'317 m
1062;5755;5.24 km;492 m;20 m;1'670 m;2'142 m
1063;5769;6.80 km;496 m;653 m;1'638 m;2'003 m
1064;5770;6.31 km;150 m;562 m;908 m;1'343 m
1065;5774;5.34 km;472 m;138 m;2'329 m;2'674 m
1066;5792;2.85 km;348 m;62 m;779 m;1'124 m
1067;5831;1.66 km;183 m;20 m;1'894 m;2'063 m
1068;5832;1.66 km;177 m;18 m;1'898 m;2'063 m
1069;5863;8.35 km;1'074 m;624 m;2'200 m;2'948 m
1070;5888;2.52 km;547 m;4 m;1'563 m;2'106 m
1071;591;4.45 km;810 m;4 m;1'672 m;2'480 m
1072;5949;4.65 km;580 m;334 m;2'294 m;2'785 m
1073;5950;7.82 km;742 m;47 m;1'826 m;2'542 m
1074;5952;10.06 km;1'150 m;387 m;1'859 m;2'738 m
1075;5953;1.98 km;442 m;30 m;2'491 m;2'903 m
1076;5959;2.26 km;518 m;2 m;2'082 m;2'600 m
1077;5974;4.54 km;691 m;7 m;1'987 m;2'671 m
1078;6;8.94 km;1'197 m;3 m;563 m;1'758 m
1079;6006;2.74 km;412 m;84 m;599 m;939 m
1080;603;na;na;na;na;na
1081;6045;0.42 km;150 m;3 m;473 m;621 m
1082;605;na;na;na;na;na
1083;607;4.27 km;467 m;316 m;2'177 m;2'596 m
1084;611;6.15 km;857 m;34 m;1'967 m;2'804 m
1085;6112;3.94 km;406 m;14 m;1'218 m;1'610 m
1086;612;3.26 km;707 m;43 m;2'204 m;2'868 m
1087;6132;1.65 km;110 m;11 m;519 m;618 m
1088;614;2.52 km;386 m;0 m;959 m;1'345 m
1089;615;6.43 km;708 m;244 m;1'487 m;1'956 m
1090;616;8.57 km;865 m;129 m;1'026 m;1'803 m
1091;6178;1.19 km;169 m;6 m;2'139 m;2'302 m
1092;6186;1.80 km;331 m;261 m;1'922 m;2'127 m
1093;6188;1.43 km;94 m;5 m;2'428 m;2'517 m
1094;619;4.02 km;620 m;232 m;2'144 m;2'532 m
1095;6193;3.21 km;570 m;9 m;437 m;999 m
1096;620;3.59 km;542 m;230 m;2'144 m;2'456 m
1097;6211;2.99 km;550 m;68 m;2'440 m;2'986 m
1098;6217;4.17 km;672 m;33 m;922 m;1'569 m
1099;6234;0.87 km;90 m;0 m;646 m;735 m
1100;6235;2.27 km;197 m;16 m;519 m;701 m
1101;6236;4.06 km;755 m;76 m;2'478 m;3'222 m
1102;6237;4.92 km;15 m;1'519 m;1'045 m;2'561 m
1103;6246;5.25 km;682 m;8 m;472 m;1'150 m
1104;6247;1.10 km;194 m;2 m;1'564 m;1'757 m
1105;6249;6.97 km;1'140 m;96 m;925 m;1'992 m
1106;6250;7.37 km;595 m;596 m;1'521 m;2'040 m
1107;6251;3.21 km;822 m;4 m;1'729 m;2'548 m
1108;6252;2.31 km;218 m;24 m;1'038 m;1'233 m
1109;6253;6.96 km;981 m;54 m;1'039 m;1'967 m
1110;6254;4.22 km;28 m;317 m;1'593 m;1'881 m
1111;6255;7.82 km;1'219 m;97 m;924 m;2'062 m
1112;6256;3.37 km;795 m;12 m;1'143 m;1'926 m
1113;6257;4.57 km;131 m;423 m;1'689 m;2'078 m
1114;6258;2.12 km;163 m;87 m;2'078 m;2'240 m
1115;6259;5.82 km;1'056 m;386 m;1'993 m;3'033 m
1116;6261;5.64 km;360 m;335 m;1'934 m;2'065 m
1117;6262;4.54 km;580 m;77 m;1'940 m;2'454 m
1118;6263;1.74 km;485 m;25 m;2'679 m;3'148 m
1119;6264;0.63 km;34 m;146 m;2'544 m;2'689 m
1120;6265;1.67 km;219 m;56 m;2'738 m;2'952 m
1121;6266;6.13 km;1'302 m;0 m;1'331 m;2'632 m
1122;6267;4.30 km;731 m;8 m;2'128 m;2'852 m
1123;6268;1.60 km;270 m;2 m;2'342 m;2'610 m
1124;6269;4.39 km;665 m;55 m;1'882 m;2'500 m
1125;6270;5.53 km;995 m;72 m;2'047 m;2'971 m
1126;6275;1.40 km;322 m;4 m;200 m;519 m
1127;6289;1.56 km;329 m;10 m;456 m;782 m
1128;6290;2.53 km;710 m;1 m;462 m;1'171 m
1129;6291;1.11 km;174 m;0 m;516 m;691 m
1130;6293;2.04 km;588 m;5 m;2'175 m;2'759 m
1131;6294;4.23 km;685 m;73 m;1'410 m;2'022 m
1132;6318;4.18 km;250 m;10 m;1'527 m;1'773 m
1133;6354;0.99 km;8 m;341 m;577 m;915 m
1134;6355;0.73 km;50 m;25 m;542 m;586 m
1135;6389;11.71 km;923 m;460 m;1'655 m;2'290 m
1136;6395;9.63 km;300 m;926 m;1'640 m;2'409 m
1137;6398;5.38 km;816 m;61 m;1'911 m;2'666 m
1138;6442;9.22 km;797 m;1'058 m;1'232 m;2'037 m
1139;6446;4.50 km;432 m;148 m;2'149 m;2'446 m
1140;6447;4.73 km;419 m;76 m;1'522 m;1'875 m
1141;6451;4.01 km;348 m;17 m;529 m;859 m
1142;6452;3.47 km;195 m;92 m;1'016 m;1'119 m
1143;6454;4.27 km;488 m;15 m;832 m;1'307 m
1144;6455;6.32 km;552 m;82 m;998 m;1'487 m
1145;6458;4.57 km;404 m;102 m;2'317 m;2'625 m
1146;6459;5.88 km;1'111 m;182 m;523 m;1'582 m
1147;6463;7.28 km;1'382 m;35 m;979 m;2'342 m
1148;6466;3.80 km;608 m;14 m;1'155 m;1'751 m
1149;6467;1.82 km;82 m;265 m;1'690 m;1'935 m
1150;6470;8.98 km;1'640 m;66 m;980 m;2'554 m
1151;6471;1.80 km;787 m;1 m;1'839 m;2'626 m
1152;6472;4.96 km;533 m;24 m;1'566 m;2'076 m
1153;6475;3.51 km;741 m;19 m;1'169 m;1'896 m
1154;6482;3.08 km;507 m;2 m;1'110 m;1'615 m
1155;6490;7.43 km;1'010 m;549 m;1'915 m;2'798 m
1156;6510;1.07 km;9 m;344 m;2'697 m;3'038 m
1157;6535;2.68 km;610 m;24 m;1'579 m;2'175 m
1158;6539;8.10 km;626 m;28 m;1'443 m;2'040 m
1159;6540;4.89 km;21 m;901 m;2'035 m;2'921 m
1160;6547;15.66 km;998 m;841 m;2'254 m;2'983 m
1161;6548;13.23 km;728 m;1'326 m;1'453 m;2'553 m
1162;6549;7.43 km;849 m;223 m;1'952 m;2'583 m
1163;6551;7.29 km;604 m;477 m;1'939 m;2'454 m
1164;6553;10.66 km;833 m;807 m;1'386 m;1'942 m
1165;6564;7.41 km;438 m;602 m;1'927 m;2'509 m
1166;6565;19.01 km;1'126 m;1'455 m;1'042 m;2'211 m
1167;6572;5.29 km;756 m;2 m;1'359 m;2'113 m
1168;6599;17.02 km;473 m;618 m;1'157 m;1'488 m
1169;6631;1.24 km;188 m;5 m;1'403 m;1'588 m
1170;6640;0.75 km;328 m;0 m;2'935 m;3'262 m
1171;6645;3.74 km;336 m;77 m;1'947 m;2'207 m
1172;6649;5.52 km;709 m;20 m;1'672 m;2'361 m
1173;6651;13.03 km;1'315 m;918 m;1'986 m;2'753 m
1174;6659;3.22 km;740 m;46 m;491 m;1'186 m
1175;6667;7.48 km;1'409 m;25 m;1'046 m;2'430 m
1176;6668;2.08 km;607 m;54 m;2'074 m;2'638 m
1177;6686;4.94 km;1'250 m;37 m;1'490 m;2'703 m
1178;6690;6.04 km;929 m;7 m;1'280 m;2'205 m
1179;6699;5.91 km;1'000 m;176 m;1'046 m;1'871 m
1180;6710;4.61 km;722 m;2 m;1'305 m;2'025 m
1181;6711;4.63 km;522 m;6 m;1'310 m;1'829 m
1182;6725;7.03 km;1'054 m;25 m;1'068 m;2'113 m
1183;6731;2.99 km;506 m;9 m;1'976 m;2'472 m
1184;6733;0.76 km;241 m;39 m;1'952 m;2'193 m
1185;6734;4.17 km;777 m;2 m;979 m;1'754 m
1186;6738;4.59 km;621 m;24 m;1'840 m;2'437 m
1187;6742;6.35 km;808 m;241 m;1'607 m;2'181 m
1188;6743;2.43 km;697 m;59 m;2'107 m;2'744 m
1189;6744;4.58 km;992 m;117 m;2'000 m;2'876 m
1190;6745;4.19 km;628 m;64 m;1'967 m;2'535 m
1191;6748;2.76 km;146 m;186 m;1'293 m;1'391 m
1192;6749;2.47 km;463 m;0 m;1'389 m;1'851 m
1193;6750;2.84 km;376 m;4 m;1'236 m;1'609 m
1194;6751;2.39 km;399 m;10 m;2'087 m;2'475 m
1195;6752;2.18 km;62 m;104 m;2'055 m;2'112 m
1196;6753;5.14 km;614 m;340 m;1'998 m;2'316 m
1197;6754;4.62 km;430 m;31 m;987 m;1'390 m
1198;6755;5.95 km;767 m;163 m;1'105 m;1'859 m
1199;6756;2.89 km;556 m;171 m;1'236 m;1'732 m
1200;6757;2.26 km;237 m;78 m;1'950 m;2'140 m
1201;6758;3.19 km;657 m;1 m;983 m;1'640 m
1202;6761;4.72 km;913 m;2 m;1'387 m;2'298 m
1203;6764;1.46 km;70 m;82 m;2'472 m;2'500 m
1204;6765;5.65 km;920 m;135 m;1'691 m;2'475 m
1205;6766;2.84 km;308 m;19 m;1'095 m;1'400 m
1206;6773;4.57 km;273 m;124 m;2'144 m;2'342 m
1207;6788;2.51 km;696 m;9 m;1'982 m;2'669 m
1208;6790;7.07 km;1'628 m;19 m;1'230 m;2'840 m
1209;6792;3.48 km;1'108 m;2 m;1'516 m;2'623 m
1210;6793;5.08 km;547 m;151 m;2'096 m;2'624 m
1211;6796;0.17 km;0 m;133 m;2'715 m;2'848 m
1212;6797;5.62 km;893 m;17 m;731 m;1'619 m
1213;6800;3.25 km;499 m;6 m;1'463 m;1'956 m
1214;6802;2.77 km;329 m;2 m;566 m;893 m
1215;6805;0.61 km;1 m;12 m;852 m;863 m
1216;6808;10.85 km;1'101 m;82 m;1'325 m;2'366 m
1217;6810;5.26 km;1'522 m;33 m;596 m;2'089 m
1218;6811;2.13 km;159 m;89 m;2'231 m;2'340 m
1219;6812;3.12 km;503 m;4 m;1'155 m;1'654 m
1220;6813;5.32 km;1'172 m;17 m;1'086 m;2'242 m
1221;6814;2.61 km;535 m;20 m;2'438 m;2'953 m
1222;6815;2.21 km;434 m;55 m;2'194 m;2'573 m
1223;6816;4.82 km;941 m;9 m;1'311 m;2'243 m
1224;6817;5.10 km;844 m;33 m;1'978 m;2'789 m
1225;6818;7.98 km;1'380 m;37 m;1'654 m;2'997 m
1226;6819;6.04 km;1'086 m;15 m;425 m;1'495 m
1227;6821;7.69 km;1'219 m;160 m;2'250 m;3'309 m
1228;6822;2.24 km;713 m;34 m;2'003 m;2'682 m
1229;6823;3.87 km;837 m;41 m;1'866 m;2'678 m
1230;6825;8.01 km;1'574 m;22 m;1'478 m;3'030 m
1231;6829;2.28 km;416 m;1 m;1'793 m;2'208 m
1232;6830;1.60 km;30 m;123 m;2'460 m;2'570 m
1233;6831;4.59 km;651 m;40 m;1'421 m;2'032 m
1234;6833;4.56 km;1'199 m;28 m;939 m;2'110 m
1235;6834;1.95 km;1 m;299 m;1'421 m;1'719 m
1236;6835;4.56 km;1'281 m;20 m;1'727 m;2'987 m
1237;6836;8.59 km;1'546 m;50 m;1'341 m;2'837 m
1238;6837;4.12 km;597 m;196 m;1'738 m;2'155 m
1239;6838;3.06 km;335 m;281 m;1'915 m;2'225 m
1240;6839;3.05 km;541 m;117 m;1'087 m;1'597 m
1241;6840;4.75 km;659 m;61 m;1'917 m;2'515 m
1242;6841;2.74 km;195 m;81 m;2'203 m;2'379 m
1243;6842;1.31 km;274 m;43 m;2'136 m;2'397 m
1244;6843;3.81 km;858 m;0 m;1'044 m;1'902 m
1245;6846;1.09 km;145 m;0 m;1'650 m;1'795 m
1246;6847;5.75 km;267 m;167 m;1'840 m;1'988 m
1247;6848;3.37 km;974 m;54 m;2'279 m;3'198 m
1248;6851;7.87 km;1'258 m;139 m;608 m;1'729 m
1249;6860;1.61 km;149 m;56 m;2'203 m;2'342 m
1250;6862;5.41 km;1'417 m;12 m;1'661 m;3'076 m
1251;6863;7.94 km;1'984 m;69 m;1'420 m;3'357 m
1252;6893;4.83 km;227 m;864 m;1'525 m;2'322 m
1253;6900;6.69 km;983 m;1 m;2'009 m;2'991 m
1254;6901;4.91 km;77 m;466 m;983 m;1'389 m
1255;6902;2.38 km;328 m;16 m;1'853 m;2'167 m
1256;6903;4.18 km;148 m;414 m;2'211 m;2'577 m
1257;6922;7.08 km;1'546 m;81 m;607 m;2'079 m
1258;6923;1.18 km;490 m;28 m;2'584 m;3'048 m
1259;6924;5.38 km;949 m;17 m;1'046 m;1'978 m
1260;6927;4.34 km;1'401 m;13 m;1'722 m;3'110 m
1261;6928;1.78 km;467 m;1 m;1'726 m;2'192 m
1262;6934;6.80 km;1'180 m;10 m;1'600 m;2'771 m
1263;6935;5.50 km;1'506 m;4 m;937 m;2'439 m
1264;6937;4.27 km;866 m;25 m;1'901 m;2'744 m
1265;6938;1.58 km;8 m;329 m;2'113 m;2'440 m
1266;6941;2.92 km;620 m;3 m;2'108 m;2'727 m
1267;6947;6.97 km;1'159 m;20 m;1'155 m;2'294 m
1268;696;na;na;na;na;na
1269;6962;8.77 km;719 m;111 m;1'309 m;1'932 m
1270;6964;1.41 km;292 m;4 m;661 m;950 m
1271;7;11.09 km;812 m;249 m;1'195 m;1'906 m
1272;7011;8.32 km;469 m;1'049 m;2'154 m;3'109 m
1273;7014;3.12 km;645 m;14 m;449 m;1'087 m
1274;7048;3.76 km;755 m;11 m;1'384 m;2'129 m
1275;7087;11.11 km;1'241 m;77 m;1'733 m;2'901 m
1276;7112;0.50 km;127 m;0 m;2'385 m;2'512 m
1277;7113;8.59 km;1'159 m;45 m;1'395 m;2'509 m
1278;7122;2.28 km;656 m;18 m;1'684 m;2'322 m
1279;7129;2.83 km;367 m;128 m;1'279 m;1'554 m
1280;7130;4.78 km;520 m;6 m;1'727 m;2'242 m
1281;7131;7.08 km;1'184 m;184 m;1'947 m;2'996 m
1282;7153;7.78 km;1'166 m;256 m;1'042 m;2'022 m
1283;7154;1.38 km;479 m;0 m;1'190 m;1'669 m
1284;7155;1.72 km;152 m;12 m;546 m;686 m
1285;7156;10.74 km;1'749 m;348 m;1'631 m;3'032 m
1286;7157;3.04 km;805 m;9 m;1'945 m;2'741 m
1287;7167;11.23 km;1'093 m;1'672 m;2'154 m;3'109 m
1288;7168;3.59 km;1'056 m;0 m;887 m;1'943 m
1289;7174;7.40 km;1'366 m;18 m;1'106 m;2'461 m
1290;7176;3.71 km;892 m;3 m;1'720 m;2'609 m
1291;7209;na;na;na;na;na
1292;7224;7.51 km;934 m;148 m;1'685 m;2'559 m
1293;7277;4.38 km;113 m;210 m;3'654 m;3'824 m
1294;7302;5.83 km;704 m;86 m;1'592 m;2'238 m
1295;7307;7.11 km;1'044 m;23 m;1'617 m;2'651 m
1296;7308;1.18 km;216 m;4 m;1'995 m;2'209 m
1297;7309;6.65 km;803 m;212 m;989 m;1'656 m
1298;745;na;na;na;na;na
1299;764;4.39 km;610 m;14 m;1'155 m;1'753 m
1300;765;4.13 km;264 m;105 m;1'523 m;1'772 m
1301;766;5.41 km;841 m;14 m;1'058 m;1'899 m
1302;767;2.94 km;325 m;5 m;890 m;1'212 m
1303;771;6.64 km;454 m;76 m;934 m;1'321 m
1304;772;14.51 km;951 m;844 m;1'659 m;2'042 m
1305;773;8.35 km;705 m;502 m;1'654 m;2'038 m
1306;774;3.22 km;278 m;172 m;1'596 m;1'792 m
1307;775;6.76 km;740 m;15 m;1'171 m;1'896 m
1308;7751;3.65 km;776 m;99 m;1'998 m;2'715 m
1309;7752;1.54 km;389 m;2 m;1'602 m;1'988 m
1310;7753;10.84 km;983 m;359 m;1'841 m;2'628 m
1311;776;0.32 km;8 m;45 m;1'888 m;1'933 m
1312;777;5.67 km;859 m;94 m;1'525 m;2'290 m
1313;779;9.14 km;1'126 m;336 m;1'482 m;2'297 m
1314;8;8.40 km;1'523 m;10 m;562 m;2'077 m
1315;807;6.30 km;886 m;118 m;1'018 m;1'785 m
1316;821;5.60 km;1'097 m;10 m;922 m;2'013 m
1317;825;1.39 km;209 m;91 m;2'210 m;2'406 m
1318;840;3.08 km;348 m;2 m;1'110 m;1'457 m
1319;866;3.81 km;358 m;19 m;2'425 m;2'768 m
1320;8888;14.96 km;1'391 m;429 m;1'841 m;2'804 m
1321;896;5.08 km;423 m;403 m;2'341 m;2'611 m
1322;899;1.18 km;266 m;39 m;2'338 m;2'597 m
1323;9;10.93 km;1'488 m;33 m;561 m;2'024 m
1324;900;4.59 km;520 m;151 m;1'902 m;2'280 m
1325;901;2.41 km;597 m;0 m;1'410 m;2'007 m
1326;902;1.53 km;201 m;42 m;1'129 m;1'330 m
1327;906;2.21 km;51 m;252 m;2'003 m;2'245 m
1328;914;3.48 km;1'084 m;5 m;991 m;2'071 m
1329;921;3.62 km;658 m;218 m;2'091 m;2'720 m
1330;925;6.01 km;1'120 m;18 m;1'400 m;2'503 m
1331;927;4.63 km;564 m;10 m;1'840 m;2'394 m
1332;928;5.87 km;947 m;40 m;1'519 m;2'456 m
1333;929;2.66 km;713 m;5 m;1'460 m;2'169 m
1334;930;9.45 km;586 m;586 m;1'997 m;2'510 m
1335;931;4.08 km;1'136 m;25 m;1'476 m;2'587 m
1336;935;8.36 km;1'015 m;94 m;1'337 m;2'280 m
1337;936;3.56 km;545 m;18 m;1'891 m;2'419 m
1338;937;6.87 km;765 m;104 m;2'198 m;2'859 m
1339;99;4.72 km;823 m;44 m;823 m;1'604 m
